Target Name,Target Text,Target Name and Text,mic,Source URL,Prelabel,NBS,Marine and Coastal Zones,Agriculture and Livestock Management,Water Management,Forest Management and Protection,Grassland Management and Protection,Wetlands and Freshwater Ecosystems,Ecosystem Protection and Connectivity,Soil Management,Risk Management and Disaster Prevention,Value Chain Management,Nature-based carbon sequestration,Is there at least one NBS per target,Additional themes,Climate change adaptation and mitigation,"Desertification, drought, and land degradation",Ecosystems and species conservation,"Land use, land use change, and forestry",Pollution,Gender equality,Capacity building,,Is there at least one theme per target
LDN Target 1,Halt the conversion of forests and wetlands to other land cover classes,LDN Target 1: Halt the conversion of forests and wetlands to other land cover classes,Land Degradation Neutrality Targets for Sri Lanka,https://www.unccd.int/sites/default/files/ldn_targets/Sri%20Lanka%20LDN%20Country%20Commitments.pdf,Land degradation,,,,,1,,1,1,,,,,1,,,1,1,1,,,,,1
LDN Target 2,Restore and improve degraded forest (80% in the dry zone and 20% in the wet zone),LDN Target 2: Restore and improve degraded forest (80% in the dry zone and 20% in the wet zone),Land Degradation Neutrality Targets for Sri Lanka,https://www.unccd.int/sites/default/files/ldn_targets/Sri%20Lanka%20LDN%20Country%20Commitments.pdf,Land degradation,,,,,1,,,,,,,,1,,,1,1,,,,,,1
LDN. Target 3,Increase forest cover from 29% to 32%,LDN. Target 3: Increase forest cover from 29% to 32%,Land Degradation Neutrality Targets for Sri Lanka,https://www.unccd.int/sites/default/files/ldn_targets/Sri%20Lanka%20LDN%20Country%20Commitments.pdf,Land degradation,,,,,1,,,,,,,,1,,,1,1,,,,,,1
LDN Target 4,Reduce rate of soil degradation to improve land productivity and Soil Organic Carbon (SOC) stocks,LDN Target 4: Reduce rate of soil degradation to improve land productivity and Soil Organic Carbon (SOC) stocks,Land Degradation Neutrality Targets for Sri Lanka,https://www.unccd.int/sites/default/files/ldn_targets/Sri%20Lanka%20LDN%20Country%20Commitments.pdf,Land degradation,,,1,,,,,,1,,,,1,,1,1,,1,,,,,1
LDN Target 5,Reduce soil erosion of lands cultivated with annual and plantation crops,LDN Target 5: Reduce soil erosion of lands cultivated with annual and plantation crops,Land Degradation Neutrality Targets for Sri Lanka,https://www.unccd.int/sites/default/files/ldn_targets/Sri%20Lanka%20LDN%20Country%20Commitments.pdf,Land degradation,,,1,,,,,,1,1,,,1,,,1,,1,,,,,1
NDC 1 - Energy,"Enhance renewable energy contribution to the national electricity generation mix by increasing Solar PV, Wind, Hydro and Sustainable Biomass-based electricity generation (Target: Develop an additional capacity of 3,867MW renewable energy over the RE capacity considered in BAU scenario out of which approximately 950MW are on an unconditional basis and 2,917MW on a conditional basis)","NDC 1 - Energy: Enhance renewable energy contribution to the national electricity generation mix by increasing Solar PV, Wind, Hydro and Sustainable Biomass-based electricity generation (Target: Develop an additional capacity of 3,867MW renewable energy over the RE capacity considered in BAU scenario out of which approximately 950MW are on an unconditional basis and 2,917MW on a conditional basis)",Updated Nationally Determined Contributions under the Paris Agreement on Climate Change Sri Lanka,https://unfccc.int/sites/default/files/NDC/2022-06/Amendmend%20to%20the%20Updated%20Nationally%20Determined%20Contributions%20of%20Sri%20Lanka.pdf,Climate,,,,,,,,,,,,1,1,,1,,,,,,,,1
NDC 2 - Energy,"Implement Demand Side Management (DSM) measures by promoting energy efficient equipment, technologies and system improvements in a national energy efficiency improvement and conservation (EEI&C) programme","NDC 2 - Energy: Implement Demand Side Management (DSM) measures by promoting energy efficient equipment, technologies and system improvements in a national energy efficiency improvement and conservation (EEI&C) programme",Updated Nationally Determined Contributions under the Paris Agreement on Climate Change Sri Lanka,https://unfccc.int/sites/default/files/NDC/2022-06/Amendmend%20to%20the%20Updated%20Nationally%20Determined%20Contributions%20of%20Sri%20Lanka.pdf,Climate,,,,,,,,,,,1,,1,,1,,,,,,,,1
NDC 3 - Energy,Conversion of existing fuel oil-based combined cycle power plants to Natural Gas (NG) and establishment of new NG plants as conditional measures (once the necessary infrastructure is available),NDC 3 - Energy: Conversion of existing fuel oil-based combined cycle power plants to Natural Gas (NG) and establishment of new NG plants as conditional measures (once the necessary infrastructure is available),Updated Nationally Determined Contributions under the Paris Agreement on Climate Change Sri Lanka,https://unfccc.int/sites/default/files/NDC/2022-06/Amendmend%20to%20the%20Updated%20Nationally%20Determined%20Contributions%20of%20Sri%20Lanka.pdf,Climate,,,,,,,,,,,,,0,,1,,,,,,,,1
NDC 4 - Energy,"Transmission and distribution network efficiency improvements (loss reduction of 0.5% compared with BAU by 2030) as an unconditional measure (Target - approximately 1,848 GWh energy savings)","NDC 4 - Energy: Transmission and distribution network efficiency improvements (loss reduction of 0.5% compared with BAU by 2030) as an unconditional measure (Target - approximately 1,848 GWh energy savings)",Updated Nationally Determined Contributions under the Paris Agreement on Climate Change Sri Lanka,https://unfccc.int/sites/default/files/NDC/2022-06/Amendmend%20to%20the%20Updated%20Nationally%20Determined%20Contributions%20of%20Sri%20Lanka.pdf,Climate,,,,,,,,,,,,,0,,1,,,,,,,,1
NDC 5 - Energy,Conduct R&D activities to implement pilot-scale projects for Non-Conventional Renewable Energy (NCRE) sources that have not yet reached commercial maturity and develop other grid supporting infrastructures as conditional measures,NDC 5 - Energy: Conduct R&D activities to implement pilot-scale projects for Non-Conventional Renewable Energy (NCRE) sources that have not yet reached commercial maturity and develop other grid supporting infrastructures as conditional measures,Updated Nationally Determined Contributions under the Paris Agreement on Climate Change Sri Lanka,https://unfccc.int/sites/default/files/NDC/2022-06/Amendmend%20to%20the%20Updated%20Nationally%20Determined%20Contributions%20of%20Sri%20Lanka.pdf,Climate,,,,,,,,,,,,,0,,1,,,,,,,,1
NDC 1 - Transport,Transport sector system improved,NDC 1 - Transport: Transport sector system improved,Updated Nationally Determined Contributions under the Paris Agreement on Climate Change Sri Lanka,https://unfccc.int/sites/default/files/NDC/2022-06/Amendmend%20to%20the%20Updated%20Nationally%20Determined%20Contributions%20of%20Sri%20Lanka.pdf,Climate,,,,,,,,,,,,,0,,1,,,,,,,,1
NDC 2 - Transport,Promote public passenger transport,NDC 2 - Transport: Promote public passenger transport,Updated Nationally Determined Contributions under the Paris Agreement on Climate Change Sri Lanka,https://unfccc.int/sites/default/files/NDC/2022-06/Amendmend%20to%20the%20Updated%20Nationally%20Determined%20Contributions%20of%20Sri%20Lanka.pdf,Climate,,,,,,,,,,,,,0,,1,,,,,,,,1
NDC 3 - Transport,Shift freight to efficient modes,NDC 3 - Transport: Shift freight to efficient modes,Updated Nationally Determined Contributions under the Paris Agreement on Climate Change Sri Lanka,https://unfccc.int/sites/default/files/NDC/2022-06/Amendmend%20to%20the%20Updated%20Nationally%20Determined%20Contributions%20of%20Sri%20Lanka.pdf,Climate,,,,,,,,,,,,,0,,1,,,,,,,,1
NDC 4 - Transport,Rapid transport for passenger transport,NDC 4 - Transport: Rapid transport for passenger transport,Updated Nationally Determined Contributions under the Paris Agreement on Climate Change Sri Lanka,https://unfccc.int/sites/default/files/NDC/2022-06/Amendmend%20to%20the%20Updated%20Nationally%20Determined%20Contributions%20of%20Sri%20Lanka.pdf,Climate,,,,,,,,,,,,,0,,1,,,,,,,,1
NDC 5 - Transport,Promote non-motorized transport modes,NDC 5 - Transport: Promote non-motorized transport modes,Updated Nationally Determined Contributions under the Paris Agreement on Climate Change Sri Lanka,https://unfccc.int/sites/default/files/NDC/2022-06/Amendmend%20to%20the%20Updated%20Nationally%20Determined%20Contributions%20of%20Sri%20Lanka.pdf,Climate,,,,,,,,,,,,,0,,1,,,,,,,,1
NDC 6 - Transport,Introduce taxes and other instruments to promote public transport,NDC 6 - Transport: Introduce taxes and other instruments to promote public transport,Updated Nationally Determined Contributions under the Paris Agreement on Climate Change Sri Lanka,https://unfccc.int/sites/default/files/NDC/2022-06/Amendmend%20to%20the%20Updated%20Nationally%20Determined%20Contributions%20of%20Sri%20Lanka.pdf,Climate,,,,,,,,,,,,,0,,1,,,,,,,,1
NDC 7 - Transport,Introduce inland water transport modes,NDC 7 - Transport: Introduce inland water transport modes,Updated Nationally Determined Contributions under the Paris Agreement on Climate Change Sri Lanka,https://unfccc.int/sites/default/files/NDC/2022-06/Amendmend%20to%20the%20Updated%20Nationally%20Determined%20Contributions%20of%20Sri%20Lanka.pdf,Climate,,,,,,,,,,,,,0,,1,,,,,,,,1
NDC 8 - Transport,Modernizing and upgrading of suburban railway,NDC 8 - Transport: Modernizing and upgrading of suburban railway,Updated Nationally Determined Contributions under the Paris Agreement on Climate Change Sri Lanka,https://unfccc.int/sites/default/files/NDC/2022-06/Amendmend%20to%20the%20Updated%20Nationally%20Determined%20Contributions%20of%20Sri%20Lanka.pdf,Climate,,,,,,,,,,,,,0,,1,,,,,,,,1
NDC 9 - Transport,Promote electric mobility and hybrid vehicles,NDC 9 - Transport: Promote electric mobility and hybrid vehicles,Updated Nationally Determined Contributions under the Paris Agreement on Climate Change Sri Lanka,https://unfccc.int/sites/default/files/NDC/2022-06/Amendmend%20to%20the%20Updated%20Nationally%20Determined%20Contributions%20of%20Sri%20Lanka.pdf,Climate,,,,,,,,,,,,,0,,1,,,,,,,,1
NDC 10 - Transport,Improve vehicle fleet efficiency ,NDC 10 - Transport: Improve vehicle fleet efficiency ,Updated Nationally Determined Contributions under the Paris Agreement on Climate Change Sri Lanka,https://unfccc.int/sites/default/files/NDC/2022-06/Amendmend%20to%20the%20Updated%20Nationally%20Determined%20Contributions%20of%20Sri%20Lanka.pdf,Climate,,,,,,,,,,,,,0,,1,,,,,,,,1
NDC 11 - Transport,Road infrastructure development,NDC 11 - Transport: Road infrastructure development,Updated Nationally Determined Contributions under the Paris Agreement on Climate Change Sri Lanka,https://unfccc.int/sites/default/files/NDC/2022-06/Amendmend%20to%20the%20Updated%20Nationally%20Determined%20Contributions%20of%20Sri%20Lanka.pdf,Climate,,,,,,,,,,,,,0,,1,,,,,,,,1
NDC 12 - Transport,Reduce GHG emissions from the marine sector,NDC 12 - Transport: Reduce GHG emissions from the marine sector,Updated Nationally Determined Contributions under the Paris Agreement on Climate Change Sri Lanka,https://unfccc.int/sites/default/files/NDC/2022-06/Amendmend%20to%20the%20Updated%20Nationally%20Determined%20Contributions%20of%20Sri%20Lanka.pdf,Climate,,1,,,,,,,,,,,1,,1,,1,,,,,,1
NDC 13 - Transport,Generic enabling activities,NDC 13 - Transport: Generic enabling activities,Updated Nationally Determined Contributions under the Paris Agreement on Climate Change Sri Lanka,https://unfccc.int/sites/default/files/NDC/2022-06/Amendmend%20to%20the%20Updated%20Nationally%20Determined%20Contributions%20of%20Sri%20Lanka.pdf,Climate,,,,,,,,,,,,,0,,1,,,,,,,,1
NDC 1 - Industry,"Continue fuel-switching to sustainable biomass energy and improve user efficiency in selected industrial sub-sectors (tea, rubber, apparel, hotel & tourism, rice processing)","NDC 1 - Industry: Continue fuel-switching to sustainable biomass energy and improve user efficiency in selected industrial sub-sectors (tea, rubber, apparel, hotel & tourism, rice processing)",Updated Nationally Determined Contributions under the Paris Agreement on Climate Change Sri Lanka,https://unfccc.int/sites/default/files/NDC/2022-06/Amendmend%20to%20the%20Updated%20Nationally%20Determined%20Contributions%20of%20Sri%20Lanka.pdf,Climate,,,1,,,,,,,,,1,1,,1,,1,,,,,,1
NDC 2 - Industry,Enhance the application of Resource Efficient Cleaner Production (RECP) practices in selected industrial sub-sectors,NDC 2 - Industry: Enhance the application of Resource Efficient Cleaner Production (RECP) practices in selected industrial sub-sectors,Updated Nationally Determined Contributions under the Paris Agreement on Climate Change Sri Lanka,https://unfccc.int/sites/default/files/NDC/2022-06/Amendmend%20to%20the%20Updated%20Nationally%20Determined%20Contributions%20of%20Sri%20Lanka.pdf,Climate,,,,,,,,,,,,,0,,1,,,,,,,,1
NDC 3 - Industry,Establish eco-industrial parks and villages,NDC 3 - Industry: Establish eco-industrial parks and villages,Updated Nationally Determined Contributions under the Paris Agreement on Climate Change Sri Lanka,https://unfccc.int/sites/default/files/NDC/2022-06/Amendmend%20to%20the%20Updated%20Nationally%20Determined%20Contributions%20of%20Sri%20Lanka.pdf,Climate,,,,,,,,,,,,,0,,1,,,,1,,,,1
NDC 4 - Industry,Introduce Circular Economy concept to selected industrial sub-sectors and selected industrial zones,NDC 4 - Industry: Introduce Circular Economy concept to selected industrial sub-sectors and selected industrial zones,Updated Nationally Determined Contributions under the Paris Agreement on Climate Change Sri Lanka,https://unfccc.int/sites/default/files/NDC/2022-06/Amendmend%20to%20the%20Updated%20Nationally%20Determined%20Contributions%20of%20Sri%20Lanka.pdf,Climate,,,,,,,,,,,,,0,,1,,,,1,,,,1
NDC 5 - Industry,Introduce tri-generation facilities to selected industrial parks,NDC 5 - Industry: Introduce tri-generation facilities to selected industrial parks,Updated Nationally Determined Contributions under the Paris Agreement on Climate Change Sri Lanka,https://unfccc.int/sites/default/files/NDC/2022-06/Amendmend%20to%20the%20Updated%20Nationally%20Determined%20Contributions%20of%20Sri%20Lanka.pdf,Climate,,,,,,,,,,,,,0,,1,,,,,,,,1
NDC 6 - Industry,Incentivize GHG reduction of clinker production in the cement industry,NDC 6 - Industry: Incentivize GHG reduction of clinker production in the cement industry,Updated Nationally Determined Contributions under the Paris Agreement on Climate Change Sri Lanka,https://unfccc.int/sites/default/files/NDC/2022-06/Amendmend%20to%20the%20Updated%20Nationally%20Determined%20Contributions%20of%20Sri%20Lanka.pdf,Climate,,,,,,,,,,,,,0,,1,,,,,,,,1
NDC 7 - Industry,Generic enabling activities,NDC 7 - Industry: Generic enabling activities,Updated Nationally Determined Contributions under the Paris Agreement on Climate Change Sri Lanka,https://unfccc.int/sites/default/files/NDC/2022-06/Amendmend%20to%20the%20Updated%20Nationally%20Determined%20Contributions%20of%20Sri%20Lanka.pdf,Climate,,,,,,,,,,,,,0,,1,,,,,,,,1
NDC 1 - Waste,Improve Circular Economy practices in all MSW generation sources,NDC 1 - Waste: Improve Circular Economy practices in all MSW generation sources,Updated Nationally Determined Contributions under the Paris Agreement on Climate Change Sri Lanka,https://unfccc.int/sites/default/files/NDC/2022-06/Amendmend%20to%20the%20Updated%20Nationally%20Determined%20Contributions%20of%20Sri%20Lanka.pdf,Climate,,,,,,,,,,,,,0,,1,,,,,,,,1
NDC 2 - Waste,Manage biodegradable waste component through biological treatments,NDC 2 - Waste: Manage biodegradable waste component through biological treatments,Updated Nationally Determined Contributions under the Paris Agreement on Climate Change Sri Lanka,https://unfccc.int/sites/default/files/NDC/2022-06/Amendmend%20to%20the%20Updated%20Nationally%20Determined%20Contributions%20of%20Sri%20Lanka.pdf,Climate,,,,,,,,,,,,1,1,,1,,,,1,,,,1
NDC 3 - Waste,Introduce energy recovery using non-recyclables and waste which cannot be managed by other means,NDC 3 - Waste: Introduce energy recovery using non-recyclables and waste which cannot be managed by other means,Updated Nationally Determined Contributions under the Paris Agreement on Climate Change Sri Lanka,https://unfccc.int/sites/default/files/NDC/2022-06/Amendmend%20to%20the%20Updated%20Nationally%20Determined%20Contributions%20of%20Sri%20Lanka.pdf,Climate,,,,,,,,,,,,1,1,,1,,,,1,,,,1
NDC 4 - Waste,The use of sanitary landfills for the disposal of residual waste will be increased from the current level of 5% to 100% on weight basis,NDC 4 - Waste: The use of sanitary landfills for the disposal of residual waste will be increased from the current level of 5% to 100% on weight basis,Updated Nationally Determined Contributions under the Paris Agreement on Climate Change Sri Lanka,https://unfccc.int/sites/default/files/NDC/2022-06/Amendmend%20to%20the%20Updated%20Nationally%20Determined%20Contributions%20of%20Sri%20Lanka.pdf,Climate,,,,,,,,,,,,,0,,1,,,,1,,,,1
NDC 5 - Waste,Generic enabling activities,NDC 5 - Waste: Generic enabling activities,Updated Nationally Determined Contributions under the Paris Agreement on Climate Change Sri Lanka,https://unfccc.int/sites/default/files/NDC/2022-06/Amendmend%20to%20the%20Updated%20Nationally%20Determined%20Contributions%20of%20Sri%20Lanka.pdf,Climate,,,,,,,,,,,,,0,,1,,,,1,,,,1
NDC 1 - Forestry,Increase forest cover of Sri Lanka up to 32% by 2030,NDC 1 - Forestry: Increase forest cover of Sri Lanka up to 32% by 2030,Updated Nationally Determined Contributions under the Paris Agreement on Climate Change Sri Lanka,https://unfccc.int/sites/default/files/NDC/2022-06/Amendmend%20to%20the%20Updated%20Nationally%20Determined%20Contributions%20of%20Sri%20Lanka.pdf,Climate,,,,,1,,,,,,,,1,,1,,1,,,,,,1
NDC 2 - Forestry,Improve the quality of growing stock of natural forests and plantations,NDC 2 - Forestry: Improve the quality of growing stock of natural forests and plantations,Updated Nationally Determined Contributions under the Paris Agreement on Climate Change Sri Lanka,https://unfccc.int/sites/default/files/NDC/2022-06/Amendmend%20to%20the%20Updated%20Nationally%20Determined%20Contributions%20of%20Sri%20Lanka.pdf,Climate,,,,1,1,,,,,,,,1,,1,,1,1,,,,,1
NDC 3 - Forestry,Strengthen catchment protection of major rivers and cascade systems,NDC 3 - Forestry: Strengthen catchment protection of major rivers and cascade systems,Updated Nationally Determined Contributions under the Paris Agreement on Climate Change Sri Lanka,https://unfccc.int/sites/default/files/NDC/2022-06/Amendmend%20to%20the%20Updated%20Nationally%20Determined%20Contributions%20of%20Sri%20Lanka.pdf,Climate,,,,,1,,1,,,,,,1,,1,,1,,,,,,1
NDC 4 - Forestry,Improve and increase of Trees Outside Forests,NDC 4 - Forestry: Improve and increase of Trees Outside Forests,Updated Nationally Determined Contributions under the Paris Agreement on Climate Change Sri Lanka,https://unfccc.int/sites/default/files/NDC/2022-06/Amendmend%20to%20the%20Updated%20Nationally%20Determined%20Contributions%20of%20Sri%20Lanka.pdf,Climate,,,,,1,,,1,,,,,1,,1,,1,,,,,,1
NDC 5 - Forestry,Generic enabling activities,NDC 5 - Forestry: Generic enabling activities,Updated Nationally Determined Contributions under the Paris Agreement on Climate Change Sri Lanka,https://unfccc.int/sites/default/files/NDC/2022-06/Amendmend%20to%20the%20Updated%20Nationally%20Determined%20Contributions%20of%20Sri%20Lanka.pdf,Climate,,,,,1,,,,,,,,1,,1,,,,,,,,1
NDC 1 - Agriculture (mitigation),Reduce post-harvest losses and value addition of fruits and vegetables,NDC 1 - Agriculture (mitigation): Reduce post-harvest losses and value addition of fruits and vegetables,Updated Nationally Determined Contributions under the Paris Agreement on Climate Change Sri Lanka,https://unfccc.int/sites/default/files/NDC/2022-06/Amendmend%20to%20the%20Updated%20Nationally%20Determined%20Contributions%20of%20Sri%20Lanka.pdf,Climate,,,1,,,,,,,,1,,1,,1,,,,,,,,1
NDC 2 - Agriculture (mitigation),Increase crop productivity,NDC 2 - Agriculture (mitigation): Increase crop productivity,Updated Nationally Determined Contributions under the Paris Agreement on Climate Change Sri Lanka,https://unfccc.int/sites/default/files/NDC/2022-06/Amendmend%20to%20the%20Updated%20Nationally%20Determined%20Contributions%20of%20Sri%20Lanka.pdf,Climate,,,1,,,,,,,,1,,1,,1,1,,,,,,,1
NDC 3 - Agriculture (mitigation),Improve adoption of renewable energy for crop farming/value addition,NDC 3 - Agriculture (mitigation): Improve adoption of renewable energy for crop farming/value addition,Updated Nationally Determined Contributions under the Paris Agreement on Climate Change Sri Lanka,https://unfccc.int/sites/default/files/NDC/2022-06/Amendmend%20to%20the%20Updated%20Nationally%20Determined%20Contributions%20of%20Sri%20Lanka.pdf,Climate,,,1,,,,,,,,1,,1,,1,,,,,,,,1
NDC 4 - Agriculture (mitigation),"Improve dairy sector productivity by managing herd, herd health, feed and by improving animal comfort and welfare (40% increase of milk yield per cattle by 2030 on unconditional basis and further increase up to 55% on conditional basis. Increase productive milking cow percentage of the herd up to 40% on conditional basis)","NDC 4 - Agriculture (mitigation): Improve dairy sector productivity by managing herd, herd health, feed and by improving animal comfort and welfare (40% increase of milk yield per cattle by 2030 on unconditional basis and further increase up to 55% on conditional basis. Increase productive milking cow percentage of the herd up to 40% on conditional basis)",Updated Nationally Determined Contributions under the Paris Agreement on Climate Change Sri Lanka,https://unfccc.int/sites/default/files/NDC/2022-06/Amendmend%20to%20the%20Updated%20Nationally%20Determined%20Contributions%20of%20Sri%20Lanka.pdf,Climate,,,1,,,,,,,,1,,1,,1,,,,,,,,1
NDC 5 - Agriculture (mitigation),"Improve productivity of Monogastrics by improving genetic, feed efficiency, animal health, comfort and welfare","NDC 5 - Agriculture (mitigation): Improve productivity of Monogastrics by improving genetic, feed efficiency, animal health, comfort and welfare",Updated Nationally Determined Contributions under the Paris Agreement on Climate Change Sri Lanka,https://unfccc.int/sites/default/files/NDC/2022-06/Amendmend%20to%20the%20Updated%20Nationally%20Determined%20Contributions%20of%20Sri%20Lanka.pdf,Climate,,,1,,,,,,,,1,,1,,1,,,,,,,,1
NDC 6 - Agriculture (mitigation),Adopt renewable energy for livestock applications,NDC 6 - Agriculture (mitigation): Adopt renewable energy for livestock applications,Updated Nationally Determined Contributions under the Paris Agreement on Climate Change Sri Lanka,https://unfccc.int/sites/default/files/NDC/2022-06/Amendmend%20to%20the%20Updated%20Nationally%20Determined%20Contributions%20of%20Sri%20Lanka.pdf,Climate,,,1,,,,,,,,,,1,,1,,,,,,,,1
NDC 1 - Agriculture (adaptation),Climate change considerations mainstreamed into agriculture in Sri Lanka,NDC 1 - Agriculture (adaptation): Climate change considerations mainstreamed into agriculture in Sri Lanka,Updated Nationally Determined Contributions under the Paris Agreement on Climate Change Sri Lanka,https://unfccc.int/sites/default/files/NDC/2022-06/Amendmend%20to%20the%20Updated%20Nationally%20Determined%20Contributions%20of%20Sri%20Lanka.pdf,Climate,,,1,,,,,,,,,,1,,1,,,,,,,,1
NDC 2 - Agriculture (adaptation),Promote Integrated Pest Management (IPM) and Integrated Plant and Nutrition Systems (IPNS) in most vulnerable areas/districts/crops,NDC 2 - Agriculture (adaptation): Promote Integrated Pest Management (IPM) and Integrated Plant and Nutrition Systems (IPNS) in most vulnerable areas/districts/crops,Updated Nationally Determined Contributions under the Paris Agreement on Climate Change Sri Lanka,https://unfccc.int/sites/default/files/NDC/2022-06/Amendmend%20to%20the%20Updated%20Nationally%20Determined%20Contributions%20of%20Sri%20Lanka.pdf,Climate,,,1,,,,,,,,1,,1,,1,,,,,,,,1
NDC 3 - Agriculture (adaptation),Develop/introduce varieties resistant/tolerant to biotic and abiotic stresses targeting most vulnerable agricultural crops to climate change,NDC 3 - Agriculture (adaptation): Develop/introduce varieties resistant/tolerant to biotic and abiotic stresses targeting most vulnerable agricultural crops to climate change,Updated Nationally Determined Contributions under the Paris Agreement on Climate Change Sri Lanka,https://unfccc.int/sites/default/files/NDC/2022-06/Amendmend%20to%20the%20Updated%20Nationally%20Determined%20Contributions%20of%20Sri%20Lanka.pdf,Climate,,,1,,,,,,,,1,,1,,1,,,,,,,,1
NDC 4 - Agriculture (adaptation),Revisit the Agro Ecological Regions (AERs) maps of Sri Lanka with current and future climate scenarios and recommend appropriate crops for different regions to reduce vulnerability to climate change impacts,NDC 4 - Agriculture (adaptation): Revisit the Agro Ecological Regions (AERs) maps of Sri Lanka with current and future climate scenarios and recommend appropriate crops for different regions to reduce vulnerability to climate change impacts,Updated Nationally Determined Contributions under the Paris Agreement on Climate Change Sri Lanka,https://unfccc.int/sites/default/files/NDC/2022-06/Amendmend%20to%20the%20Updated%20Nationally%20Determined%20Contributions%20of%20Sri%20Lanka.pdf,Climate,,,1,,,,,,,,1,,1,,1,,,,,,,,1
NDC 5 - Agriculture (adaptation),Enhance sustainable land and water management pratices in areas where anticipated climate vulnerability is severe,NDC 5 - Agriculture (adaptation): Enhance sustainable land and water management practices in areas where anticipated climate vulnerability is severe,Updated Nationally Determined Contributions under the Paris Agreement on Climate Change Sri Lanka,https://unfccc.int/sites/default/files/NDC/2022-06/Amendmend%20to%20the%20Updated%20Nationally%20Determined%20Contributions%20of%20Sri%20Lanka.pdf,Climate,,1,1,1,1,,1,,,,,,1,,1,,1,,,,,,1
NDC 6 - Agriculture (adaptation),Enhanced early warning and risk management mechanisms introduced to reduce climate change vulnerability,NDC 6 - Agriculture (adaptation): Enhanced early warning and risk management mechanisms introduced to reduce climate change vulnerability,Updated Nationally Determined Contributions under the Paris Agreement on Climate Change Sri Lanka,https://unfccc.int/sites/default/files/NDC/2022-06/Amendmend%20to%20the%20Updated%20Nationally%20Determined%20Contributions%20of%20Sri%20Lanka.pdf,Climate,,,1,,,,,,,1,,,1,,1,,,,,,,,1
NDC 1 - Fisheries,Ecosystem-based Approach to Fisheries Management (EAFM) adopted in areas of high climate vulnerability to enhance resilience,NDC 1 - Fisheries: Ecosystem-based Approach to Fisheries Management (EAFM) adopted in areas of high climate vulnerability to enhance resilience,Updated Nationally Determined Contributions under the Paris Agreement on Climate Change Sri Lanka,https://unfccc.int/sites/default/files/NDC/2022-06/Amendmend%20to%20the%20Updated%20Nationally%20Determined%20Contributions%20of%20Sri%20Lanka.pdf,Climate,,,,,,,,,,,,,0,,1,,1,,,,,,1
NDC 2 - Fisheries,Expand aquaculture and culture-based fisheries to address food security issues relating to climate change,NDC 2 - Fisheries: Expand aquaculture and culture-based fisheries to address food security issues relating to climate change,Updated Nationally Determined Contributions under the Paris Agreement on Climate Change Sri Lanka,https://unfccc.int/sites/default/files/NDC/2022-06/Amendmend%20to%20the%20Updated%20Nationally%20Determined%20Contributions%20of%20Sri%20Lanka.pdf,Climate,,,,,,,,,,,,,0,,1,,,,,,,,1
NDC 3 - Fisheries,Breeding of climate change resilient and commercially important aquatic resources,NDC 3 - Fisheries: Breeding of climate change resilient and commercially important aquatic resources,Updated Nationally Determined Contributions under the Paris Agreement on Climate Change Sri Lanka,https://unfccc.int/sites/default/files/NDC/2022-06/Amendmend%20to%20the%20Updated%20Nationally%20Determined%20Contributions%20of%20Sri%20Lanka.pdf,Climate,,,,,,,,,,,,,0,,1,,,,,,,,1
NDC 4 - Fisheries,"Increase the production capabilities of fisheries, aquatic resources in 30 lagoons that are highly vulnerable to climate change","NDC 4 - Fisheries: Increase the production capabilities of fisheries, aquatic resources in 30 lagoons that are highly vulnerable to climate change",Updated Nationally Determined Contributions under the Paris Agreement on Climate Change Sri Lanka,https://unfccc.int/sites/default/files/NDC/2022-06/Amendmend%20to%20the%20Updated%20Nationally%20Determined%20Contributions%20of%20Sri%20Lanka.pdf,Climate,,,,,,,,,,,,,0,,1,,,,,,,,1
NDC 5 - Fisheries,Enhanced safety at sea against climate change influenced extreme conditions,NDC 5 - Fisheries: Enhanced safety at sea against climate change influenced extreme conditions,Updated Nationally Determined Contributions under the Paris Agreement on Climate Change Sri Lanka,https://unfccc.int/sites/default/files/NDC/2022-06/Amendmend%20to%20the%20Updated%20Nationally%20Determined%20Contributions%20of%20Sri%20Lanka.pdf,Climate,,,,,,,,,,1,,,1,,1,,,,,,,,1
NDC 6 - Fisheries,Diversification of livelihoods of fisherfolk to build resilience to climate change,NDC 6 - Fisheries: Diversification of livelihoods of fisherfolk to build resilience to climate change,Updated Nationally Determined Contributions under the Paris Agreement on Climate Change Sri Lanka,https://unfccc.int/sites/default/files/NDC/2022-06/Amendmend%20to%20the%20Updated%20Nationally%20Determined%20Contributions%20of%20Sri%20Lanka.pdf,Climate,,,,,,,,,,,,,0,,1,,,,,,,,1
NDC 7 - Fisheries,Conduct fisheries and aquatic resources research to build resilience to climate change,NDC 7 - Fisheries: Conduct fisheries and aquatic resources research to build resilience to climate change,Updated Nationally Determined Contributions under the Paris Agreement on Climate Change Sri Lanka,https://unfccc.int/sites/default/files/NDC/2022-06/Amendmend%20to%20the%20Updated%20Nationally%20Determined%20Contributions%20of%20Sri%20Lanka.pdf,Climate,,1,,,,,,,,,,,1,,1,,,,,,,,1
NDC 1 - Livestock,Introduce adaptation measures to address adverse impacts of climate change on ruminant livestock,NDC 1 - Livestock: Introduce adaptation measures to address adverse impacts of climate change on ruminant livestock,Updated Nationally Determined Contributions under the Paris Agreement on Climate Change Sri Lanka,https://unfccc.int/sites/default/files/NDC/2022-06/Amendmend%20to%20the%20Updated%20Nationally%20Determined%20Contributions%20of%20Sri%20Lanka.pdf,Climate,,,1,,,,,,,,,,1,,1,,,,,,,,1
NDC 2 - Livestock,Introduce technological innovations and interventions to build resilience in poultry and swine farming,NDC 2 - Livestock: Introduce technological innovations and interventions to build resilience in poultry and swine farming,Updated Nationally Determined Contributions under the Paris Agreement on Climate Change Sri Lanka,https://unfccc.int/sites/default/files/NDC/2022-06/Amendmend%20to%20the%20Updated%20Nationally%20Determined%20Contributions%20of%20Sri%20Lanka.pdf,Climate,,,1,,,,,,,,,,1,,1,,,,,,,,1
NDC 3 - Livestock,"Improve research, education, awareness and capacity building for climate change adaptation","NDC 3 - Livestock: Improve research, education, awareness and capacity building for climate change adaptation",Updated Nationally Determined Contributions under the Paris Agreement on Climate Change Sri Lanka,https://unfccc.int/sites/default/files/NDC/2022-06/Amendmend%20to%20the%20Updated%20Nationally%20Determined%20Contributions%20of%20Sri%20Lanka.pdf,Climate,,,1,,,,,,,,,,1,,1,,,,,,1,,1
NDC 1 - Water,Integrated River Basin Management (IRBM) adopted in 15 prioritized river basins in Sri Lanka,NDC 1 - Water: Integrated River Basin Management (IRBM) adopted in 15 prioritized river basins in Sri Lanka,Updated Nationally Determined Contributions under the Paris Agreement on Climate Change Sri Lanka,https://unfccc.int/sites/default/files/NDC/2022-06/Amendmend%20to%20the%20Updated%20Nationally%20Determined%20Contributions%20of%20Sri%20Lanka.pdf,Climate,,,,1,,,1,,,,,,1,,1,,1,,,,,,1
NDC 2 - Water,"Ground and surface water monitoring in the Northern, North Central and North Western provinces and other areas of high drinking water vulnerability to drought","NDC 2 - Water: Ground and surface water monitoring in the Northern, North Central and North Western provinces and other areas of high drinking water vulnerability to drought",Updated Nationally Determined Contributions under the Paris Agreement on Climate Change Sri Lanka,https://unfccc.int/sites/default/files/NDC/2022-06/Amendmend%20to%20the%20Updated%20Nationally%20Determined%20Contributions%20of%20Sri%20Lanka.pdf,Climate,,,,1,,,,,,,,,1,,1,1,,,,,,,1
NDC 3 - Water,Promote climate-resilient water supply schemes,NDC 3 - Water: Promote climate-resilient water supply schemes,Updated Nationally Determined Contributions under the Paris Agreement on Climate Change Sri Lanka,https://unfccc.int/sites/default/files/NDC/2022-06/Amendmend%20to%20the%20Updated%20Nationally%20Determined%20Contributions%20of%20Sri%20Lanka.pdf,Climate,,,,1,,,,,,,,,1,,1,1,,,,,,,1
NDC 4 - Water,"Promote the use of wastewater for gardening, sanitary, construction and other purposes to reduce demand for treated water","NDC 4 - Water: Promote the use of wastewater for gardening, sanitary, construction and other purposes to reduce demand for treated water",Updated Nationally Determined Contributions under the Paris Agreement on Climate Change Sri Lanka,https://unfccc.int/sites/default/files/NDC/2022-06/Amendmend%20to%20the%20Updated%20Nationally%20Determined%20Contributions%20of%20Sri%20Lanka.pdf,Climate,,,,1,,,,,,,1,,1,,1,1,,,1,,,,1
NDC 5 - Water ,Establish salinity barriers in 3 rivers where intakes are subjected to climate change influenced saline water intrusion during the drought season,NDC 5 - Water : Establish salinity barriers in 3 rivers where intakes are subjected to climate change influenced saline water intrusion during the drought season,Updated Nationally Determined Contributions under the Paris Agreement on Climate Change Sri Lanka,https://unfccc.int/sites/default/files/NDC/2022-06/Amendmend%20to%20the%20Updated%20Nationally%20Determined%20Contributions%20of%20Sri%20Lanka.pdf,Climate,,,,1,,,1,,,,,,1,,1,1,1,,,,,,1
NDC 6 - Water,Capacity building for water sector personnel and public awareness on building resilience to climate change,NDC 6 - Water: Capacity building for water sector personnel and public awareness on building resilience to climate change,Updated Nationally Determined Contributions under the Paris Agreement on Climate Change Sri Lanka,https://unfccc.int/sites/default/files/NDC/2022-06/Amendmend%20to%20the%20Updated%20Nationally%20Determined%20Contributions%20of%20Sri%20Lanka.pdf,Climate,,,,1,,,,,,,,,1,,1,1,,,,,1,,1
NDC 7 - Water,"Restore, rehabilitate and augment 25 major/medium reservoirs and 300 minor irrigation systems and 200km length of irrigation canals of Sri Lanka for enhancing climate resilience in the agriculture sector","NDC 7 - Water: Restore, rehabilitate and augment 25 major/medium reservoirs and 300 minor irrigation systems and 200km length of irrigation canals of Sri Lanka for enhancing climate resilience in the agriculture sector",Updated Nationally Determined Contributions under the Paris Agreement on Climate Change Sri Lanka,https://unfccc.int/sites/default/files/NDC/2022-06/Amendmend%20to%20the%20Updated%20Nationally%20Determined%20Contributions%20of%20Sri%20Lanka.pdf,Climate,,,1,1,,,,,,,,,1,,1,1,,,,,,,1
NDC 8 - Water,Introduce or promote alternative water resources as a climate change resilience building intervention for domestic and supplementary irrigation,NDC 8 - Water: Introduce or promote alternative water resources as a climate change resilience building intervention for domestic and supplementary irrigation,Updated Nationally Determined Contributions under the Paris Agreement on Climate Change Sri Lanka,https://unfccc.int/sites/default/files/NDC/2022-06/Amendmend%20to%20the%20Updated%20Nationally%20Determined%20Contributions%20of%20Sri%20Lanka.pdf,Climate,,,,1,,,,,,,,,1,,1,,,,,,,,1
NDC 9 - Water,Enhance water management in 40 irrigation schemes,NDC 9 - Water: Enhance water management in 40 irrigation schemes,Updated Nationally Determined Contributions under the Paris Agreement on Climate Change Sri Lanka,https://unfccc.int/sites/default/files/NDC/2022-06/Amendmend%20to%20the%20Updated%20Nationally%20Determined%20Contributions%20of%20Sri%20Lanka.pdf,Climate,,,,1,,,,,,,,,1,,1,,,,,,,,1
NDC 10 - Water,Assess river floods and mitigation measures and early warning systems for possible flash floods for five priority basins,NDC 10 - Water: Assess river floods and mitigation measures and early warning systems for possible flash floods for five priority basins,Updated Nationally Determined Contributions under the Paris Agreement on Climate Change Sri Lanka,https://unfccc.int/sites/default/files/NDC/2022-06/Amendmend%20to%20the%20Updated%20Nationally%20Determined%20Contributions%20of%20Sri%20Lanka.pdf,Climate,,,,1,,,,,,1,,,1,,1,,,,,,,,1
NDC 1 - Biodiversity,Management of climate-sensitive areas and restoration of degraded areas inside and outside the protected areas (PAs) network to conserve habitats that are highly vulnerable to climate change,NDC 1 - Biodiversity: Management of climate-sensitive areas and restoration of degraded areas inside and outside the protected areas (PAs) network to conserve habitats that are highly vulnerable to climate change,Updated Nationally Determined Contributions under the Paris Agreement on Climate Change Sri Lanka,https://unfccc.int/sites/default/files/NDC/2022-06/Amendmend%20to%20the%20Updated%20Nationally%20Determined%20Contributions%20of%20Sri%20Lanka.pdf,Climate,,,,,,,,1,,,,,1,,1,1,1,,,,,,1
NDC 2 - Biodiversity,Increase connectivity in the zones that will be subjected to climate-driven changes according to current predictions through landscape approaches,NDC 2 - Biodiversity: Increase connectivity in the zones that will be subjected to climate-driven changes according to current predictions through landscape approaches,Updated Nationally Determined Contributions under the Paris Agreement on Climate Change Sri Lanka,https://unfccc.int/sites/default/files/NDC/2022-06/Amendmend%20to%20the%20Updated%20Nationally%20Determined%20Contributions%20of%20Sri%20Lanka.pdf,Climate,,,,,,,,1,,,,,1,,1,,1,,,,,,1
NDC 3 - Biodiversity,Expansion of Protected Area (PA) extent to enhance the ability of the PA network to function as a buffer for climate change,NDC 3 - Biodiversity: Expansion of Protected Area (PA) extent to enhance the ability of the PA network to function as a buffer for climate change,Updated Nationally Determined Contributions under the Paris Agreement on Climate Change Sri Lanka,https://unfccc.int/sites/default/files/NDC/2022-06/Amendmend%20to%20the%20Updated%20Nationally%20Determined%20Contributions%20of%20Sri%20Lanka.pdf,Climate,,,,,,,,1,,,,,1,,1,,1,,,,,,1
NDC 4 - Biodiversity,Strengthen ex-situ conservation programmes covering climate-vulnerable taxa and regions,NDC 4 - Biodiversity: Strengthen ex-situ conservation programmes covering climate-vulnerable taxa and regions,Updated Nationally Determined Contributions under the Paris Agreement on Climate Change Sri Lanka,https://unfccc.int/sites/default/files/NDC/2022-06/Amendmend%20to%20the%20Updated%20Nationally%20Determined%20Contributions%20of%20Sri%20Lanka.pdf,Climate,,,,,,,,1,,,,,1,,1,,1,,,,,,1
NDC 5 - Biodiversity,Effective management of the spread of Invasive Alien Species (IAS) triggered by favorable climatic conditions,NDC 5 - Biodiversity: Effective management of the spread of Invasive Alien Species (IAS) triggered by favorable climatic conditions,Updated Nationally Determined Contributions under the Paris Agreement on Climate Change Sri Lanka,https://unfccc.int/sites/default/files/NDC/2022-06/Amendmend%20to%20the%20Updated%20Nationally%20Determined%20Contributions%20of%20Sri%20Lanka.pdf,Climate,,,,,,,,,,,,,0,,1,,1,,,,,,1
NDC 1 - Coastal & Marine,Establish an accurate sea level rise forecasting system for Sri Lanka,NDC 1 - Coastal & Marine: Establish an accurate sea level rise forecasting system for Sri Lanka,Updated Nationally Determined Contributions under the Paris Agreement on Climate Change Sri Lanka,https://unfccc.int/sites/default/files/NDC/2022-06/Amendmend%20to%20the%20Updated%20Nationally%20Determined%20Contributions%20of%20Sri%20Lanka.pdf,Climate,,1,,,,,,,,1,,,1,,1,,,,,,,,1
NDC 2 - Coastal & Marine,Prepare updated vulnerability and risk maps for the coastal belt of Sri Lanka ,NDC 2 - Coastal & Marine: Prepare updated vulnerability and risk maps for the coastal belt of Sri Lanka ,Updated Nationally Determined Contributions under the Paris Agreement on Climate Change Sri Lanka,https://unfccc.int/sites/default/files/NDC/2022-06/Amendmend%20to%20the%20Updated%20Nationally%20Determined%20Contributions%20of%20Sri%20Lanka.pdf,Climate,,1,,,,,,,,,,,1,,1,,,,,,,,1
NDC 3 - Coastal & Marine,Adopt optimal shoreline management works/measures covering affected length of shoreline using a combination of hard & soft solutions to prevent coastal erosion in areas most vulnerable to SLR,NDC 3 - Coastal & Marine: Adopt optimal shoreline management works/measures covering affected length of shoreline using a combination of hard & soft solutions to prevent coastal erosion in areas most vulnerable to SLR,Updated Nationally Determined Contributions under the Paris Agreement on Climate Change Sri Lanka,https://unfccc.int/sites/default/files/NDC/2022-06/Amendmend%20to%20the%20Updated%20Nationally%20Determined%20Contributions%20of%20Sri%20Lanka.pdf,Climate,,1,,,,,,,,1,,,1,,1,,1,,,,,,1
NDC 4 - Coastal & Marine,Identify and declare coastal and marine natural areas of high priority for building resilience for climate change impacts,NDC 4 - Coastal & Marine: Identify and declare coastal and marine natural areas of high priority for building resilience for climate change impacts,Updated Nationally Determined Contributions under the Paris Agreement on Climate Change Sri Lanka,https://unfccc.int/sites/default/files/NDC/2022-06/Amendmend%20to%20the%20Updated%20Nationally%20Determined%20Contributions%20of%20Sri%20Lanka.pdf,Climate,,1,,,,,,1,,,,,1,,1,,1,,,,,,1
NDC 1 - Health,Policy intiatives for enhancing the climate resilience of the health sector promoted and integrated to all related sectors,NDC 1 - Health: Policy intiatives for enhancing the climate resilience of the health sector promoted and integrated to all related sectors,Updated Nationally Determined Contributions under the Paris Agreement on Climate Change Sri Lanka,https://unfccc.int/sites/default/files/NDC/2022-06/Amendmend%20to%20the%20Updated%20Nationally%20Determined%20Contributions%20of%20Sri%20Lanka.pdf,Climate,,,,,,,,,,,,,0,,1,,,,,,,,1
NDC 2 - Health,Improved capacity to manage non-communicable diseases (NCD) and health conditions directly attributable to climate change,NDC 2 - Health: Improved capacity to manage non-communicable diseases (NCD) and health conditions directly attributable to climate change,Updated Nationally Determined Contributions under the Paris Agreement on Climate Change Sri Lanka,https://unfccc.int/sites/default/files/NDC/2022-06/Amendmend%20to%20the%20Updated%20Nationally%20Determined%20Contributions%20of%20Sri%20Lanka.pdf,Climate,,,,,,,,,,,,,0,,1,,,,,,,,1
NDC 3 - Health,Manage the worsening of under-nutrition and malnutrition due to climate change,NDC 3 - Health: Manage the worsening of under-nutrition and malnutrition due to climate change,Updated Nationally Determined Contributions under the Paris Agreement on Climate Change Sri Lanka,https://unfccc.int/sites/default/files/NDC/2022-06/Amendmend%20to%20the%20Updated%20Nationally%20Determined%20Contributions%20of%20Sri%20Lanka.pdf,Climate,,,,,,,,,,,,,0,,1,,,,,,,,1
NDC 4 - Health,"Strengthen surveilance and management of climate-sensitive vector and rodent borne diseases (dengue, malaria, filaria, leishmaniasis and leptospirosis)","NDC 4 - Health: Strengthen surveilance and management of climate-sensitive vector and rodent borne diseases (dengue, malaria, filaria, leishmaniasis and leptospirosis)",Updated Nationally Determined Contributions under the Paris Agreement on Climate Change Sri Lanka,https://unfccc.int/sites/default/files/NDC/2022-06/Amendmend%20to%20the%20Updated%20Nationally%20Determined%20Contributions%20of%20Sri%20Lanka.pdf,Climate,,,,,,,,,,,,,0,,1,,,,,,,,1
NDC 5 - Health,"Reduce morbidity and mortality from extreme weather/climate events (floods, droughts, landslides and other climate-related emergencies)","NDC 5 - Health: Reduce morbidity and mortality from extreme weather/climate events (floods, droughts, landslides and other climate-related emergencies)",Updated Nationally Determined Contributions under the Paris Agreement on Climate Change Sri Lanka,https://unfccc.int/sites/default/files/NDC/2022-06/Amendmend%20to%20the%20Updated%20Nationally%20Determined%20Contributions%20of%20Sri%20Lanka.pdf,Climate,,,,,,,,,,,,,0,,1,,,,,,,,1
NDC 1 - Urban Planning & Human Settlements,"Enhance the resilience of human settlements and infrastructure through mainstreaming climate change adaptation into national, sub-national and local level physical planning","NDC 1 - Urban Planning & Human Settlements: Enhance the resilience of human settlements and infrastructure through mainstreaming climate change adaptation into national, sub-national and local level physical planning",Updated Nationally Determined Contributions under the Paris Agreement on Climate Change Sri Lanka,https://unfccc.int/sites/default/files/NDC/2022-06/Amendmend%20to%20the%20Updated%20Nationally%20Determined%20Contributions%20of%20Sri%20Lanka.pdf,Climate,,,,,,,,,,1,,,1,,1,,,,,,,,1
NDC 2 - Urban Planning & Human Settlements,Incorporate Disaster Risk Reduction (DRR) into the urban and human settlement planning/implementation in areas of high vulnerability to climate change risks,NDC 2 - Urban Planning & Human Settlements: Incorporate Disaster Risk Reduction (DRR) into the urban and human settlement planning/implementation in areas of high vulnerability to climate change risks,Updated Nationally Determined Contributions under the Paris Agreement on Climate Change Sri Lanka,https://unfccc.int/sites/default/files/NDC/2022-06/Amendmend%20to%20the%20Updated%20Nationally%20Determined%20Contributions%20of%20Sri%20Lanka.pdf,Climate,,,,,,,,,,1,,,1,,1,,,,,,,,1
NDC 3 - Urban Planning & Human Settlements,Establish a climate-resilient built environment,NDC 3 - Urban Planning & Human Settlements: Establish a climate-resilient built environment,Updated Nationally Determined Contributions under the Paris Agreement on Climate Change Sri Lanka,https://unfccc.int/sites/default/files/NDC/2022-06/Amendmend%20to%20the%20Updated%20Nationally%20Determined%20Contributions%20of%20Sri%20Lanka.pdf,Climate,,,,,,,,,,1,,,1,,1,,,,,,,,1
NDC 4 - Urban Planning & Human Settlements,Minimize the impact of slow onset events (sea-level rise) on coastal settlements and infrastructure,NDC 4 - Urban Planning & Human Settlements: Minimize the impact of slow onset events (sea-level rise) on coastal settlements and infrastructure,Updated Nationally Determined Contributions under the Paris Agreement on Climate Change Sri Lanka,https://unfccc.int/sites/default/files/NDC/2022-06/Amendmend%20to%20the%20Updated%20Nationally%20Determined%20Contributions%20of%20Sri%20Lanka.pdf,Climate,,,,,,,,,,,,,0,,1,,,,,,,,1
NDC 1 - Tourism,Build resilience through sustainable tourism practices and improved risk preparedness in destinations of high climate change vulnerability,NDC 1 - Tourism: Build resilience through sustainable tourism practices and improved risk preparedness in destinations of high climate change vulnerability,Updated Nationally Determined Contributions under the Paris Agreement on Climate Change Sri Lanka,https://unfccc.int/sites/default/files/NDC/2022-06/Amendmend%20to%20the%20Updated%20Nationally%20Determined%20Contributions%20of%20Sri%20Lanka.pdf,Climate,,,,,,,,,,1,,,1,,1,,,,,,,,1
NDC 2 - Tourism,Introduce risk reduction and risk transfer mechanisms for climate-induced disasters affecting tourism,NDC 2 - Tourism: Introduce risk reduction and risk transfer mechanisms for climate-induced disasters affecting tourism,Updated Nationally Determined Contributions under the Paris Agreement on Climate Change Sri Lanka,https://unfccc.int/sites/default/files/NDC/2022-06/Amendmend%20to%20the%20Updated%20Nationally%20Determined%20Contributions%20of%20Sri%20Lanka.pdf,Climate,,,,,,,,,,1,,,1,,1,,,,,,,,1
NDC 3 - Tourism,Promote climate resilience in the tourism sector by introducing green building design to all new constructions and refurbishments,NDC 3 - Tourism: Promote climate resilience in the tourism sector by introducing green building design to all new constructions and refurbishments,Updated Nationally Determined Contributions under the Paris Agreement on Climate Change Sri Lanka,https://unfccc.int/sites/default/files/NDC/2022-06/Amendmend%20to%20the%20Updated%20Nationally%20Determined%20Contributions%20of%20Sri%20Lanka.pdf,Climate,,,,,,,,,,,,,0,,1,,,,,,,,1
NDC 1 - L&D,Conduct a gap analysis to assess the current status and understanding of L&D,NDC 1 - L&D: Conduct a gap analysis to assess the current status and understanding of L&D,Updated Nationally Determined Contributions under the Paris Agreement on Climate Change Sri Lanka,https://unfccc.int/sites/default/files/NDC/2022-06/Amendmend%20to%20the%20Updated%20Nationally%20Determined%20Contributions%20of%20Sri%20Lanka.pdf,Climate,,,,,,,,,,,,,0,,1,,,,,,,,1
NDC 2 - L&D,Strengthen the existing weather and climate forecasting system,NDC 2 - L&D: Strengthen the existing weather and climate forecasting system,Updated Nationally Determined Contributions under the Paris Agreement on Climate Change Sri Lanka,https://unfccc.int/sites/default/files/NDC/2022-06/Amendmend%20to%20the%20Updated%20Nationally%20Determined%20Contributions%20of%20Sri%20Lanka.pdf,Climate,,,,,,,,,,1,,,1,,1,,,,,,,,1
NDC 3 - L&D,Improve data management systems to record losses and damages per sector,NDC 3 - L&D: Improve data management systems to record losses and damages per sector,Updated Nationally Determined Contributions under the Paris Agreement on Climate Change Sri Lanka,https://unfccc.int/sites/default/files/NDC/2022-06/Amendmend%20to%20the%20Updated%20Nationally%20Determined%20Contributions%20of%20Sri%20Lanka.pdf,Climate,,,,,,,,,,,,,0,,1,,,,,,,,1
NDC 4 - L&D,"Establish an overarching, nationally appropriate, functional institutional mechanism for L&D in line with the Warsaw International Mechanism for Loss and Damage (WIM)","NDC 4 - L&D: Establish an overarching, nationally appropriate, functional institutional mechanism for L&D in line with the Warsaw International Mechanism for Loss and Damage (WIM)",Updated Nationally Determined Contributions under the Paris Agreement on Climate Change Sri Lanka,https://unfccc.int/sites/default/files/NDC/2022-06/Amendmend%20to%20the%20Updated%20Nationally%20Determined%20Contributions%20of%20Sri%20Lanka.pdf,Climate,,,,,,,,,,,,,0,,1,,,,,,,,1
NDC 5 - L&D,Develop a comprehensive Risk Management Framework,NDC 5 - L&D: Develop a comprehensive Risk Management Framework,Updated Nationally Determined Contributions under the Paris Agreement on Climate Change Sri Lanka,https://unfccc.int/sites/default/files/NDC/2022-06/Amendmend%20to%20the%20Updated%20Nationally%20Determined%20Contributions%20of%20Sri%20Lanka.pdf,Climate,,,,,,,,,,1,,,1,,1,,,,,,,,1
Draft NBT 1,Ensure biodiversity inclusive spatial planning and management to prevent biodiversity loss,Draft NBT 1: Ensure biodiversity inclusive spatial planning and management to prevent biodiversity loss,Draft NBTs,,Nature,,,,,,,,,,,,,0,,1,,1,,,,,,1
Draft NBT 2,Restore 30% of all degraded ecosystems in the island and surrounding sea by 2030,Draft NBT 2: Restore 30% of all degraded ecosystems in the island and surrounding sea by 2030,Draft NBTs,,Nature,,1,,,,,,,,,,,1,,,1,1,,,,,,1
Draft NBT 3,"Conserve 30% of the island's land, wetlands, and seas","Draft NBT 3: Conserve 30% of the island's land, wetlands, and seas",Draft NBTs,,Nature,,1,,,,,1,1,,,,,1,,,,1,,,,,,1
Draft NBT 4,"Halt species extinction, protect genetic diversity, and manage human-wildlife conflict","Draft NBT 4: Halt species extinction, protect genetic diversity, and manage human-wildlife conflict",Draft NBTs,,Nature,,,,,,,,,,,,,0,,,,1,,,,,,1
Draft NBT 5,"Ensure sustainable, safe and legal harvesting and trade of wild species","Draft NBT 5: Ensure sustainable, safe and legal harvesting and trade of wild species",Draft NBTs,,Nature,,,,,,,,,,,,,0,,,,1,,,,,,1
Draft NBT 6,Reduce introduction of Invasive Alien Species (IAS) by 50% and minimize impact,Draft NBT 6: Reduce introduction of Invasive Alien Species (IAS) by 50% and minimize impact,Draft NBTs,,Nature,,,,,,,,,,,,,0,,,,1,,,,,,1
Draft NBT 7,Reduce pollution and manage waste to prevent harm to biodiversity,Draft NBT 7: Reduce pollution and manage waste to prevent harm to biodiversity,Draft NBTs,,Nature,,,,,,,,,,,,,0,,,,1,,1,,,,1
Draft NBT 8,Minimize the impact of climate change on biodiversity and build resilience,Draft NBT 8: Minimize the impact of climate change on biodiversity and build resilience,Draft NBTs,,Nature,,,,,,,,,,1,,,1,,1,,1,,,,,,1
Draft NBT 9,Ensure management and use of wild species sustainably and legally to benefit people,Draft NBT 9: Ensure management and use of wild species sustainably and legally to benefit people,Draft NBTs,,Nature,,,1,,,,,,,,1,,1,,,,1,,,,,,1
Draft NBT 10,"Ensure sustainability and conserve biodiversity during agriculture, aquaculture, fisheries, mining, nature-based tourism and forestry","Draft NBT 10: Ensure sustainability and conserve biodiversity during agriculture, aquaculture, fisheries, mining, nature-based tourism and forestry",Draft NBTs,,Nature,,,1,,1,,,,,,,,1,,,,1,1,,,,,1
Draft NBT 11,"Restore, maintain and enhance nature's contributions to people using nature-based solutions","Draft NBT 11: Restore, maintain and enhance nature's contributions to people using nature-based solutions",Draft NBTs,,Nature,,,,,,,,,,,,,0,,,,1,,,,,,1
Draft NBT 12,Enhance urban planning with green and blue spaces for human well-being and biodiversity,Draft NBT 12: Enhance urban planning with green and blue spaces for human well-being and biodiversity,Draft NBTs,,Nature,,,,,,,,,,1,,,1,,,,1,,,,,,1
Draft NBT 13,"Enable benefit sharing from genetic resources, related digital sequence information, and traditional knowledge","Draft NBT 13: Enable benefit sharing from genetic resources, related digital sequence information, and traditional knowledge",Draft NBTs,,Nature,,,,,,,,,,,,,0,,,,1,,,1,,,1
Draft NBT 14,"Integrate biodiversity consideration into national policies, plans and decision-making","Draft NBT 14: Integrate biodiversity consideration into national policies, plans and decision-making",Draft NBTs,,Nature,,,,,,,,,,,,,0,,,,1,,,,,,1
Draft NBT 15,"Enable businesses to assess, disclose and mitigate risks and negative impacts on biodiversity; while benefitting from and supporting biodiversity","Draft NBT 15: Enable businesses to assess, disclose and mitigate risks and negative impacts on biodiversity; while benefitting from and supporting biodiversity",Draft NBTs,,Nature,,,,,,,,,,,1,,1,,,,1,,,,,,1
Draft NBT 16,"Promote sustainable consumption to reduce waste through education, policies, and communication","Draft NBT 16: Promote sustainable consumption to reduce waste through education, policies, and communication",Draft NBTs,,Nature,,,,,,,,,,,1,,1,,,,,,1,,,,1
Draft NBT 17,Strengthen biosafety and distribute the benefits of biotechnology,Draft NBT 17: Strengthen biosafety and distribute the benefits of biotechnology,Draft NBTs,,Nature,,,,,,,,,,,,,0,,,,1,,1,,,,1
Draft NBT 18,"Minimize impacts from harmful incentives and abiotic extractions on biodiversity, and scale up positive incentives and alternative solutions","Draft NBT 18: Minimize impacts from harmful incentives and abiotic extractions on biodiversity, and scale up positive incentives and alternative solutions",Draft NBTs,,Nature,,,,,,,,,,,,,0,,,,1,,,,,,1
Draft NBT 19,Mobilize adequate funding from all sources to implement the NBSAP and achieve the NBTs by 2030 ,Draft NBT 19: Mobilize adequate funding from all sources to implement the NBSAP and achieve the NBTs by 2030 ,Draft NBTs,,Nature,,,,,,,,,,,,,0,,,,1,,,,,,1
Draft NBT 20,"Enable capacity-building and technology transfer for biodiversity research, conservation, monitoring and cooperation","Draft NBT 20: Enable capacity-building and technology transfer for biodiversity research, conservation, monitoring and cooperation",Draft NBTs,,Nature,,,,,,,,1,,,,,1,,,,1,,,,1,,1
Draft NBT 21,Manage data and ensure access to accurate knowledge and information to guide biodiversity inclusive decision making and action,Draft NBT 21: Manage data and ensure access to accurate knowledge and information to guide biodiversity inclusive decision making and action,Draft NBTs,,Nature,,,,,,,,,,,,,0,,,,1,,,1,,,1
Draft NBT 22,Make participation possible for all in decision-making and access to justice and information relating to biodiversity,Draft NBT 22: Make participation possible for all in decision-making and access to justice and information relating to biodiversity,Draft NBTs,,Nature,,,,,,,,,,,,,0,,,,1,,,,,,1
Draft NBT 23,"Ensure gender equality and a gender-responsive approach for biodiversity conservation, management and sustainable use","Draft NBT 23: Ensure gender equality and a gender-responsive approach for biodiversity conservation, management and sustainable use",Draft NBTs,,Nature,,,,,,,,,,,,,0,,,,1,,,1,,,1
Draft NBT 24,"Build capacity for conservation of biodiversity at all its levels, and for sustainable use of bioresources to benefit people","Draft NBT 24: Build capacity for conservation of biodiversity at all its levels, and for sustainable use of bioresources to benefit people",Draft NBTs,,Nature,,,1,,,,,1,,,1,,1,,,,1,,,,,,1
Draft NBT 25,"Enable the implementation, monitoring, and review of NBSAP activities and achievement of the NBTs by 2030","Draft NBT 25: Enable the implementation, monitoring, and review of NBSAP activities and achievement of the NBTs by 2030",Draft NBTs,,Nature,,,,,,,,,,,,,0,,,,1,,,,,,1
,,,,,,Total,9,22,12,10,0,6,10,2,15,14,4,68,0,96,14,44,5,10,3,3,,