index,Country,Target Text,Target Name,index,Country,Target Text,Target Name,generated_sample
0,Sri Lanka,Ensure management and use of wild species sustainably and legally to benefit people,Draft NBT 9,0,Sri Lanka,"Continue fuel-switching to sustainable biomass energy and improve user efficiency in selected industrial sub-sectors (tea, rubber, apparel, hotel & tourism, rice processing)",NDC 1 - Industry,Alignment opportunities
1,Sri Lanka,"Ensure sustainability and conserve biodiversity during agriculture, aquaculture, fisheries, mining, nature-based tourism and forestry",Draft NBT 10,0,Sri Lanka,"Continue fuel-switching to sustainable biomass energy and improve user efficiency in selected industrial sub-sectors (tea, rubber, apparel, hotel & tourism, rice processing)",NDC 1 - Industry,Alignment opportunities
2,Sri Lanka,"Build capacity for conservation of biodiversity at all its levels, and for sustainable use of bioresources to benefit people",Draft NBT 24,0,Sri Lanka,"Continue fuel-switching to sustainable biomass energy and improve user efficiency in selected industrial sub-sectors (tea, rubber, apparel, hotel & tourism, rice processing)",NDC 1 - Industry,Alignment opportunities
0,Sri Lanka,Ensure management and use of wild species sustainably and legally to benefit people,Draft NBT 9,1,Sri Lanka,Reduce post-harvest losses and value addition of fruits and vegetables,NDC 1 - Agriculture (mitigation),No alignment
1,Sri Lanka,"Ensure sustainability and conserve biodiversity during agriculture, aquaculture, fisheries, mining, nature-based tourism and forestry",Draft NBT 10,1,Sri Lanka,Reduce post-harvest losses and value addition of fruits and vegetables,NDC 1 - Agriculture (mitigation),No alignment
2,Sri Lanka,"Build capacity for conservation of biodiversity at all its levels, and for sustainable use of bioresources to benefit people",Draft NBT 24,1,Sri Lanka,Reduce post-harvest losses and value addition of fruits and vegetables,NDC 1 - Agriculture (mitigation),No alignment
0,Sri Lanka,Ensure management and use of wild species sustainably and legally to benefit people,Draft NBT 9,2,Sri Lanka,Increase crop productivity,NDC 2 - Agriculture (mitigation),No alignment
1,Sri Lanka,"Ensure sustainability and conserve biodiversity during agriculture, aquaculture, fisheries, mining, nature-based tourism and forestry",Draft NBT 10,2,Sri Lanka,Increase crop productivity,NDC 2 - Agriculture (mitigation),No alignment
2,Sri Lanka,"Build capacity for conservation of biodiversity at all its levels, and for sustainable use of bioresources to benefit people",Draft NBT 24,2,Sri Lanka,Increase crop productivity,NDC 2 - Agriculture (mitigation),No alignment
0,Sri Lanka,Ensure management and use of wild species sustainably and legally to benefit people,Draft NBT 9,3,Sri Lanka,Improve adoption of renewable energy for crop farming/value addition,NDC 3 - Agriculture (mitigation),Alignment opportunities
1,Sri Lanka,"Ensure sustainability and conserve biodiversity during agriculture, aquaculture, fisheries, mining, nature-based tourism and forestry",Draft NBT 10,3,Sri Lanka,Improve adoption of renewable energy for crop farming/value addition,NDC 3 - Agriculture (mitigation),Alignment opportunities
2,Sri Lanka,"Build capacity for conservation of biodiversity at all its levels, and for sustainable use of bioresources to benefit people",Draft NBT 24,3,Sri Lanka,Improve adoption of renewable energy for crop farming/value addition,NDC 3 - Agriculture (mitigation),Alignment opportunities
0,Sri Lanka,Ensure management and use of wild species sustainably and legally to benefit people,Draft NBT 9,4,Sri Lanka,"Improve dairy sector productivity by managing herd, herd health, feed and by improving animal comfort and welfare (40% increase of milk yield per cattle by 2030 on unconditional basis and further increase up to 55% on conditional basis. Increase productive milking cow percentage of the herd up to 40% on conditional basis)",NDC 4 - Agriculture (mitigation),No alignment
1,Sri Lanka,"Ensure sustainability and conserve biodiversity during agriculture, aquaculture, fisheries, mining, nature-based tourism and forestry",Draft NBT 10,4,Sri Lanka,"Improve dairy sector productivity by managing herd, herd health, feed and by improving animal comfort and welfare (40% increase of milk yield per cattle by 2030 on unconditional basis and further increase up to 55% on conditional basis. Increase productive milking cow percentage of the herd up to 40% on conditional basis)",NDC 4 - Agriculture (mitigation),No alignment
2,Sri Lanka,"Build capacity for conservation of biodiversity at all its levels, and for sustainable use of bioresources to benefit people",Draft NBT 24,4,Sri Lanka,"Improve dairy sector productivity by managing herd, herd health, feed and by improving animal comfort and welfare (40% increase of milk yield per cattle by 2030 on unconditional basis and further increase up to 55% on conditional basis. Increase productive milking cow percentage of the herd up to 40% on conditional basis)",NDC 4 - Agriculture (mitigation),No alignment
0,Sri Lanka,Ensure management and use of wild species sustainably and legally to benefit people,Draft NBT 9,5,Sri Lanka,"Improve productivity of Monogastrics by improving genetic, feed efficiency, animal health, comfort and welfare",NDC 5 - Agriculture (mitigation),No alignment
1,Sri Lanka,"Ensure sustainability and conserve biodiversity during agriculture, aquaculture, fisheries, mining, nature-based tourism and forestry",Draft NBT 10,5,Sri Lanka,"Improve productivity of Monogastrics by improving genetic, feed efficiency, animal health, comfort and welfare",NDC 5 - Agriculture (mitigation),No alignment
2,Sri Lanka,"Build capacity for conservation of biodiversity at all its levels, and for sustainable use of bioresources to benefit people",Draft NBT 24,5,Sri Lanka,"Improve productivity of Monogastrics by improving genetic, feed efficiency, animal health, comfort and welfare",NDC 5 - Agriculture (mitigation),No alignment
0,Sri Lanka,Ensure management and use of wild species sustainably and legally to benefit people,Draft NBT 9,6,Sri Lanka,Adopt renewable energy for livestock applications,NDC 6 - Agriculture (mitigation),Alignment opportunities
1,Sri Lanka,"Ensure sustainability and conserve biodiversity during agriculture, aquaculture, fisheries, mining, nature-based tourism and forestry",Draft NBT 10,6,Sri Lanka,Adopt renewable energy for livestock applications,NDC 6 - Agriculture (mitigation),No alignment
2,Sri Lanka,"Build capacity for conservation of biodiversity at all its levels, and for sustainable use of bioresources to benefit people",Draft NBT 24,6,Sri Lanka,Adopt renewable energy for livestock applications,NDC 6 - Agriculture (mitigation),No alignment
0,Sri Lanka,Ensure management and use of wild species sustainably and legally to benefit people,Draft NBT 9,7,Sri Lanka,Climate change considerations mainstreamed into agriculture in the country,NDC 1 - Agriculture (adaptation),Alignment opportunities
1,Sri Lanka,"Ensure sustainability and conserve biodiversity during agriculture, aquaculture, fisheries, mining, nature-based tourism and forestry",Draft NBT 10,7,Sri Lanka,Climate change considerations mainstreamed into agriculture in the country,NDC 1 - Agriculture (adaptation),Alignment opportunities
2,Sri Lanka,"Build capacity for conservation of biodiversity at all its levels, and for sustainable use of bioresources to benefit people",Draft NBT 24,7,Sri Lanka,Climate change considerations mainstreamed into agriculture in the country,NDC 1 - Agriculture (adaptation),Alignment opportunities
0,Sri Lanka,Ensure management and use of wild species sustainably and legally to benefit people,Draft NBT 9,8,Sri Lanka,Promote Integrated Pest Management (IPM) and Integrated Plant and Nutrition Systems (IPNS) in most vulnerable areas/districts/crops,NDC 2 - Agriculture (adaptation),Alignment opportunities
1,Sri Lanka,"Ensure sustainability and conserve biodiversity during agriculture, aquaculture, fisheries, mining, nature-based tourism and forestry",Draft NBT 10,8,Sri Lanka,Promote Integrated Pest Management (IPM) and Integrated Plant and Nutrition Systems (IPNS) in most vulnerable areas/districts/crops,NDC 2 - Agriculture (adaptation),Alignment opportunities
2,Sri Lanka,"Build capacity for conservation of biodiversity at all its levels, and for sustainable use of bioresources to benefit people",Draft NBT 24,8,Sri Lanka,Promote Integrated Pest Management (IPM) and Integrated Plant and Nutrition Systems (IPNS) in most vulnerable areas/districts/crops,NDC 2 - Agriculture (adaptation),No alignment
0,Sri Lanka,Ensure management and use of wild species sustainably and legally to benefit people,Draft NBT 9,9,Sri Lanka,Develop/introduce varieties resistant/tolerant to biotic and abiotic stresses targeting most vulnerable agricultural crops to climate change,NDC 3 - Agriculture (adaptation),Alignment opportunities
1,Sri Lanka,"Ensure sustainability and conserve biodiversity during agriculture, aquaculture, fisheries, mining, nature-based tourism and forestry",Draft NBT 10,9,Sri Lanka,Develop/introduce varieties resistant/tolerant to biotic and abiotic stresses targeting most vulnerable agricultural crops to climate change,NDC 3 - Agriculture (adaptation),Alignment opportunities
2,Sri Lanka,"Build capacity for conservation of biodiversity at all its levels, and for sustainable use of bioresources to benefit people",Draft NBT 24,9,Sri Lanka,Develop/introduce varieties resistant/tolerant to biotic and abiotic stresses targeting most vulnerable agricultural crops to climate change,NDC 3 - Agriculture (adaptation),Alignment opportunities
0,Sri Lanka,Ensure management and use of wild species sustainably and legally to benefit people,Draft NBT 9,10,Sri Lanka,Revisit the Agro Ecological Regions (AERs) maps of the country with current and future climate scenarios and recommend appropriate crops for different regions to reduce vulnerability to climate change impacts,NDC 4 - Agriculture (adaptation),Alignment opportunities
1,Sri Lanka,"Ensure sustainability and conserve biodiversity during agriculture, aquaculture, fisheries, mining, nature-based tourism and forestry",Draft NBT 10,10,Sri Lanka,Revisit the Agro Ecological Regions (AERs) maps of the country with current and future climate scenarios and recommend appropriate crops for different regions to reduce vulnerability to climate change impacts,NDC 4 - Agriculture (adaptation),Alignment opportunities
2,Sri Lanka,"Build capacity for conservation of biodiversity at all its levels, and for sustainable use of bioresources to benefit people",Draft NBT 24,10,Sri Lanka,Revisit the Agro Ecological Regions (AERs) maps of the country with current and future climate scenarios and recommend appropriate crops for different regions to reduce vulnerability to climate change impacts,NDC 4 - Agriculture (adaptation),Alignment opportunities
0,Sri Lanka,Ensure management and use of wild species sustainably and legally to benefit people,Draft NBT 9,11,Sri Lanka,Enhance sustainable land and water management pratices in areas where anticipated climate vulnerability is severe,NDC 5 - Agriculture (adaptation),Alignment opportunities
1,Sri Lanka,"Ensure sustainability and conserve biodiversity during agriculture, aquaculture, fisheries, mining, nature-based tourism and forestry",Draft NBT 10,11,Sri Lanka,Enhance sustainable land and water management pratices in areas where anticipated climate vulnerability is severe,NDC 5 - Agriculture (adaptation),Alignment opportunities
2,Sri Lanka,"Build capacity for conservation of biodiversity at all its levels, and for sustainable use of bioresources to benefit people",Draft NBT 24,11,Sri Lanka,Enhance sustainable land and water management pratices in areas where anticipated climate vulnerability is severe,NDC 5 - Agriculture (adaptation),Alignment opportunities
0,Sri Lanka,Ensure management and use of wild species sustainably and legally to benefit people,Draft NBT 9,12,Sri Lanka,Enhanced early warning and risk management mechanisms introduced to reduce climate change vulnerability,NDC 6 - Agriculture (adaptation),No alignment
1,Sri Lanka,"Ensure sustainability and conserve biodiversity during agriculture, aquaculture, fisheries, mining, nature-based tourism and forestry",Draft NBT 10,12,Sri Lanka,Enhanced early warning and risk management mechanisms introduced to reduce climate change vulnerability,NDC 6 - Agriculture (adaptation),No alignment
2,Sri Lanka,"Build capacity for conservation of biodiversity at all its levels, and for sustainable use of bioresources to benefit people",Draft NBT 24,12,Sri Lanka,Enhanced early warning and risk management mechanisms introduced to reduce climate change vulnerability,NDC 6 - Agriculture (adaptation),No alignment
0,Sri Lanka,Ensure management and use of wild species sustainably and legally to benefit people,Draft NBT 9,13,Sri Lanka,Introduce adaptation measures to address adverse impacts of climate change on ruminant livestock,NDC 1 - Livestock,No alignment
1,Sri Lanka,"Ensure sustainability and conserve biodiversity during agriculture, aquaculture, fisheries, mining, nature-based tourism and forestry",Draft NBT 10,13,Sri Lanka,Introduce adaptation measures to address adverse impacts of climate change on ruminant livestock,NDC 1 - Livestock,No alignment
2,Sri Lanka,"Build capacity for conservation of biodiversity at all its levels, and for sustainable use of bioresources to benefit people",Draft NBT 24,13,Sri Lanka,Introduce adaptation measures to address adverse impacts of climate change on ruminant livestock,NDC 1 - Livestock,No alignment
0,Sri Lanka,Ensure management and use of wild species sustainably and legally to benefit people,Draft NBT 9,14,Sri Lanka,Introduce technological innovations and interventions to build resilience in poultry and swine farming,NDC 2 - Livestock,No alignment
1,Sri Lanka,"Ensure sustainability and conserve biodiversity during agriculture, aquaculture, fisheries, mining, nature-based tourism and forestry",Draft NBT 10,14,Sri Lanka,Introduce technological innovations and interventions to build resilience in poultry and swine farming,NDC 2 - Livestock,No alignment
2,Sri Lanka,"Build capacity for conservation of biodiversity at all its levels, and for sustainable use of bioresources to benefit people",Draft NBT 24,14,Sri Lanka,Introduce technological innovations and interventions to build resilience in poultry and swine farming,NDC 2 - Livestock,No alignment
0,Sri Lanka,Ensure management and use of wild species sustainably and legally to benefit people,Draft NBT 9,15,Sri Lanka,"Improve research, education, awareness and capacity building for climate change adaptation",NDC 3 - Livestock,Alignment opportunities
1,Sri Lanka,"Ensure sustainability and conserve biodiversity during agriculture, aquaculture, fisheries, mining, nature-based tourism and forestry",Draft NBT 10,15,Sri Lanka,"Improve research, education, awareness and capacity building for climate change adaptation",NDC 3 - Livestock,Alignment opportunities
2,Sri Lanka,"Build capacity for conservation of biodiversity at all its levels, and for sustainable use of bioresources to benefit people",Draft NBT 24,15,Sri Lanka,"Improve research, education, awareness and capacity building for climate change adaptation",NDC 3 - Livestock,Alignment opportunities
0,Sri Lanka,Ensure management and use of wild species sustainably and legally to benefit people,Draft NBT 9,16,Sri Lanka,"Restore, rehabilitate and augment 25 major/medium reservoirs and 300 minor irrigation systems and 200km length of irrigation canals of the country for enhancing climate resilience in the agriculture sector",NDC 7 - Water,No alignment
1,Sri Lanka,"Ensure sustainability and conserve biodiversity during agriculture, aquaculture, fisheries, mining, nature-based tourism and forestry",Draft NBT 10,16,Sri Lanka,"Restore, rehabilitate and augment 25 major/medium reservoirs and 300 minor irrigation systems and 200km length of irrigation canals of the country for enhancing climate resilience in the agriculture sector",NDC 7 - Water,Alignment opportunities
2,Sri Lanka,"Build capacity for conservation of biodiversity at all its levels, and for sustainable use of bioresources to benefit people",Draft NBT 24,16,Sri Lanka,"Restore, rehabilitate and augment 25 major/medium reservoirs and 300 minor irrigation systems and 200km length of irrigation canals of the country for enhancing climate resilience in the agriculture sector",NDC 7 - Water,No alignment
